unit_id,property_id,unit_number,type,sqft,market_rent,status
PROP_000_U000,PROP_000,800,2B2B,1040,1366,Vacant
PROP_000_U001,PROP_000,301,2B1B,850,1341,Vacant
PROP_000_U002,PROP_000,202,2B1B,909,1353,Vacant
PROP_000_U003,PROP_000,603,3B2B,1346,1794,Vacant
PROP_000_U004,PROP_000,304,3B2B,1129,1841,Vacant
PROP_000_U005,PROP_000,905,3B2B,1440,1792,Vacant
PROP_000_U006,PROP_000,106,Studio,430,785,Vacant
PROP_000_U007,PROP_000,607,1B1B,800,900,Vacant
PROP_000_U008,PROP_000,808,2B1B,965,1270,Vacant
PROP_000_U009,PROP_000,709,2B1B,921,1205,Vacant
PROP_000_U010,PROP_000,410,2B1B,898,1274,Vacant
PROP_000_U011,PROP_000,311,Studio,478,817,Vacant
PROP_000_U012,PROP_000,412,1B1B,796,901,Vacant
PROP_000_U013,PROP_000,113,Studio,559,822,Vacant
PROP_000_U014,PROP_000,1014,1B1B,773,1020,Vacant
PROP_000_U015,PROP_000,315,2B2B,1108,1360,Vacant
PROP_000_U016,PROP_000,616,3B2B,1451,1613,Vacant
PROP_000_U017,PROP_000,1017,1B1B,772,1007,Vacant
PROP_000_U018,PROP_000,218,3B2B,1435,1637,Vacant
PROP_000_U019,PROP_000,819,Studio,529,771,Vacant
PROP_000_U020,PROP_000,120,2B2B,1131,1380,Vacant
PROP_000_U021,PROP_000,221,Studio,474,766,Vacant
PROP_000_U022,PROP_000,322,1B1B,641,948,Vacant
PROP_000_U023,PROP_000,623,Studio,444,822,Vacant
PROP_000_U024,PROP_000,824,Studio,445,771,Vacant
PROP_000_U025,PROP_000,525,Studio,478,814,Vacant
PROP_000_U026,PROP_000,326,1B1B,609,1006,Vacant
PROP_000_U027,PROP_000,327,2B1B,848,1188,Vacant
PROP_000_U028,PROP_000,628,3B2B,1487,1830,Vacant
PROP_000_U029,PROP_000,229,2B1B,960,1194,Vacant
PROP_000_U030,PROP_000,330,Studio,514,763,Vacant
PROP_000_U031,PROP_000,831,3B2B,1235,1620,Vacant
PROP_000_U032,PROP_000,732,3B2B,1118,1738,Vacant
PROP_000_U033,PROP_000,533,1B1B,721,1011,Vacant
PROP_000_U034,PROP_000,434,Studio,538,734,Vacant
PROP_000_U035,PROP_000,535,Studio,406,868,Vacant
PROP_000_U036,PROP_000,136,2B2B,1051,1484,Vacant
PROP_000_U037,PROP_000,537,1B1B,628,1070,Vacant
PROP_000_U038,PROP_000,538,2B1B,981,1305,Vacant
PROP_000_U039,PROP_000,739,Studio,552,861,Vacant
PROP_000_U040,PROP_000,340,Studio,439,837,Vacant
PROP_000_U041,PROP_000,441,3B2B,1340,1783,Vacant
PROP_000_U042,PROP_000,1042,2B2B,1095,1379,Vacant
PROP_000_U043,PROP_000,1043,1B1B,762,1045,Vacant
PROP_000_U044,PROP_000,144,3B2B,1264,1636,Vacant
PROP_000_U045,PROP_000,1045,2B2B,992,1295,Vacant
PROP_000_U046,PROP_000,146,2B2B,994,1516,Vacant
PROP_000_U047,PROP_000,447,3B2B,1250,1657,Vacant
PROP_000_U048,PROP_000,548,Studio,421,821,Vacant
PROP_000_U049,PROP_000,849,2B2B,1045,1339,Vacant
PROP_000_U050,PROP_000,350,1B1B,681,1031,Vacant
PROP_000_U051,PROP_000,651,1B1B,765,1021,Vacant
PROP_000_U052,PROP_000,152,1B1B,748,1009,Vacant
PROP_000_U053,PROP_000,753,1B1B,614,1023,Vacant
PROP_000_U054,PROP_000,454,1B1B,666,1062,Vacant
PROP_000_U055,PROP_000,155,3B2B,1114,1639,Vacant
PROP_000_U056,PROP_000,556,Studio,512,735,Vacant
PROP_000_U057,PROP_000,757,2B2B,1103,1443,Vacant
PROP_000_U058,PROP_000,858,2B2B,1128,1412,Vacant
PROP_000_U059,PROP_000,159,Studio,487,752,Vacant
PROP_000_U060,PROP_000,560,2B2B,1089,1490,Vacant
PROP_000_U061,PROP_000,761,3B2B,1312,1795,Vacant
PROP_000_U062,PROP_000,462,2B1B,863,1428,Vacant
PROP_000_U063,PROP_000,663,Studio,427,755,Vacant
PROP_000_U064,PROP_000,1064,3B2B,1225,1677,Vacant
PROP_000_U065,PROP_000,365,Studio,545,772,Vacant
PROP_000_U066,PROP_000,466,Studio,433,825,Vacant
PROP_000_U067,PROP_000,667,Studio,493,853,Vacant
PROP_000_U068,PROP_000,868,2B2B,1006,1304,Vacant
PROP_000_U069,PROP_000,269,2B2B,994,1453,Vacant
PROP_000_U070,PROP_000,1070,2B1B,812,1332,Vacant
PROP_000_U071,PROP_000,771,3B2B,1384,1869,Vacant
PROP_000_U072,PROP_000,272,3B2B,1456,1783,Vacant
PROP_000_U073,PROP_000,173,3B2B,1348,1554,Vacant
PROP_000_U074,PROP_000,574,2B2B,1003,1435,Vacant
PROP_000_U075,PROP_000,675,Studio,529,850,Vacant
PROP_001_U000,PROP_001,300,2B2B,1114,2088,Vacant
PROP_001_U001,PROP_001,701,1B1B,777,1425,Vacant
PROP_001_U002,PROP_001,202,1B1B,772,1415,Vacant
PROP_001_U003,PROP_001,203,1B1B,657,1300,Vacant
PROP_001_U004,PROP_001,204,2B2B,1185,2106,Vacant
PROP_001_U005,PROP_001,805,1B1B,721,1430,Vacant
PROP_001_U006,PROP_001,806,3B2B,1299,2449,Vacant
PROP_001_U007,PROP_001,107,1B1B,790,1315,Vacant
PROP_001_U008,PROP_001,608,2B1B,884,1739,Vacant
PROP_001_U009,PROP_001,809,2B2B,1030,1769,Vacant
PROP_001_U010,PROP_001,1010,2B2B,996,2112,Vacant
PROP_001_U011,PROP_001,811,2B2B,1017,2094,Vacant
PROP_001_U012,PROP_001,412,3B2B,1235,2498,Vacant
PROP_001_U013,PROP_001,1013,1B1B,729,1360,Vacant
PROP_001_U014,PROP_001,314,1B1B,768,1342,Vacant
PROP_001_U015,PROP_001,415,2B2B,1178,1812,Vacant
PROP_001_U016,PROP_001,416,3B2B,1183,2179,Vacant
PROP_001_U017,PROP_001,517,3B2B,1325,2391,Vacant
PROP_001_U018,PROP_001,818,2B1B,911,1916,Vacant
PROP_001_U019,PROP_001,219,3B2B,1173,2418,Vacant
PROP_001_U020,PROP_001,520,2B1B,891,1729,Vacant
PROP_001_U021,PROP_001,1021,Studio,510,1063,Vacant
PROP_001_U022,PROP_001,422,3B2B,1193,2513,Vacant
PROP_001_U023,PROP_001,1023,Studio,579,1076,Vacant
PROP_001_U024,PROP_001,724,Studio,492,1109,Vacant
PROP_001_U025,PROP_001,125,Studio,579,1125,Vacant
PROP_001_U026,PROP_001,126,1B1B,795,1306,Vacant
PROP_001_U027,PROP_001,727,Studio,593,1139,Vacant
PROP_001_U028,PROP_001,828,1B1B,604,1500,Vacant
PROP_001_U029,PROP_001,1029,3B2B,1198,2508,Vacant
PROP_001_U030,PROP_001,830,2B1B,942,1735,Vacant
PROP_001_U031,PROP_001,231,3B2B,1169,2422,Vacant
PROP_001_U032,PROP_001,1032,Studio,514,1065,Vacant
PROP_001_U033,PROP_001,1033,Studio,472,1083,Vacant
PROP_001_U034,PROP_001,434,2B1B,967,1660,Vacant
PROP_001_U035,PROP_001,635,2B2B,1055,1868,Vacant
PROP_001_U036,PROP_001,636,1B1B,697,1390,Vacant
PROP_001_U037,PROP_001,837,3B2B,1302,2486,Vacant
PROP_001_U038,PROP_001,838,3B2B,1402,2358,Vacant
PROP_001_U039,PROP_001,639,Studio,422,1113,Vacant
PROP_001_U040,PROP_001,240,Studio,509,1211,Vacant
PROP_001_U041,PROP_001,341,2B2B,986,1980,Vacant
PROP_001_U042,PROP_001,442,2B2B,1075,1844,Vacant
PROP_001_U043,PROP_001,443,3B2B,1173,2430,Vacant
PROP_001_U044,PROP_001,144,1B1B,793,1499,Vacant
PROP_001_U045,PROP_001,245,1B1B,677,1273,Vacant
PROP_001_U046,PROP_001,746,3B2B,1263,2263,Vacant
PROP_001_U047,PROP_001,247,3B2B,1362,2412,Vacant
PROP_001_U048,PROP_001,648,3B2B,1221,2394,Vacant
PROP_001_U049,PROP_001,149,2B1B,953,1793,Vacant
PROP_001_U050,PROP_001,750,2B1B,924,1919,Vacant
PROP_001_U051,PROP_001,1051,2B1B,919,1808,Vacant
PROP_001_U052,PROP_001,252,2B1B,898,1644,Vacant
PROP_001_U053,PROP_001,353,2B2B,1041,1822,Vacant
PROP_001_U054,PROP_001,554,2B2B,1099,2054,Vacant
PROP_002_U000,PROP_002,600,2B2B,1138,1389,Vacant
PROP_002_U001,PROP_002,401,1B1B,644,1043,Vacant
PROP_002_U002,PROP_002,502,1B1B,653,1089,Vacant
PROP_002_U003,PROP_002,803,1B1B,769,943,Vacant
PROP_002_U004,PROP_002,904,2B2B,988,1356,Vacant
PROP_002_U005,PROP_002,905,2B2B,1113,1419,Vacant
PROP_002_U006,PROP_002,906,1B1B,777,958,Vacant
PROP_002_U007,PROP_002,907,Studio,414,774,Vacant
PROP_002_U008,PROP_002,208,2B1B,837,1398,Vacant
PROP_002_U009,PROP_002,509,3B2B,1199,1570,Vacant
PROP_002_U010,PROP_002,510,2B1B,803,1354,Vacant
PROP_002_U011,PROP_002,611,3B2B,1481,1745,Vacant
PROP_002_U012,PROP_002,1012,Studio,515,749,Vacant
PROP_002_U013,PROP_002,113,3B2B,1469,1595,Vacant
PROP_002_U014,PROP_002,414,2B1B,985,1202,Vacant
PROP_002_U015,PROP_002,415,3B2B,1155,1816,Vacant
PROP_002_U016,PROP_002,416,2B2B,1075,1470,Vacant
PROP_002_U017,PROP_002,517,2B1B,988,1384,Vacant
PROP_002_U018,PROP_002,618,3B2B,1387,1651,Vacant
PROP_002_U019,PROP_002,919,Studio,455,726,Vacant
PROP_002_U020,PROP_002,920,Studio,447,849,Vacant
PROP_002_U021,PROP_002,121,2B1B,983,1227,Vacant
PROP_002_U022,PROP_002,1022,1B1B,733,949,Vacant
PROP_002_U023,PROP_002,123,3B2B,1247,1749,Vacant
PROP_002_U024,PROP_002,524,Studio,585,810,Vacant
PROP_002_U025,PROP_002,425,2B1B,811,1418,Vacant
PROP_002_U026,PROP_002,326,3B2B,1112,1669,Vacant
PROP_002_U027,PROP_002,227,1B1B,699,1050,Vacant
PROP_002_U028,PROP_002,728,1B1B,692,1070,Vacant
PROP_002_U029,PROP_002,429,3B2B,1317,1533,Vacant
PROP_002_U030,PROP_002,330,2B1B,859,1362,Vacant
PROP_002_U031,PROP_002,831,2B2B,1132,1322,Vacant
PROP_002_U032,PROP_002,532,Studio,493,725,Vacant
PROP_002_U033,PROP_002,833,3B2B,1456,1670,Vacant
PROP_002_U034,PROP_002,334,3B2B,1387,1549,Vacant
PROP_002_U035,PROP_002,135,1B1B,715,1064,Vacant
PROP_002_U036,PROP_002,236,Studio,521,753,Vacant
PROP_002_U037,PROP_002,937,Studio,452,836,Vacant
PROP_002_U038,PROP_002,238,2B2B,977,1349,Vacant
PROP_002_U039,PROP_002,1039,2B1B,923,1306,Vacant
PROP_002_U040,PROP_002,940,Studio,554,737,Vacant
PROP_002_U041,PROP_002,841,2B1B,906,1373,Vacant
PROP_002_U042,PROP_002,842,1B1B,761,970,Vacant
PROP_002_U043,PROP_002,243,2B1B,958,1208,Vacant
PROP_002_U044,PROP_002,444,1B1B,698,969,Vacant
PROP_002_U045,PROP_002,445,2B2B,969,1534,Vacant
PROP_002_U046,PROP_002,1046,2B2B,1156,1462,Vacant
PROP_002_U047,PROP_002,1047,Studio,469,856,Vacant
PROP_002_U048,PROP_002,1048,2B2B,985,1478,Vacant
PROP_002_U049,PROP_002,349,3B2B,1168,1868,Vacant
PROP_002_U050,PROP_002,550,Studio,557,807,Vacant
PROP_002_U051,PROP_002,951,2B2B,1000,1356,Vacant
PROP_002_U052,PROP_002,752,2B1B,931,1178,Vacant
PROP_002_U053,PROP_002,453,2B2B,967,1338,Vacant
PROP_002_U054,PROP_002,554,2B1B,945,1179,Vacant
PROP_002_U055,PROP_002,355,3B2B,1159,1721,Vacant
PROP_002_U056,PROP_002,1056,3B2B,1170,1830,Vacant
PROP_002_U057,PROP_002,757,2B1B,915,1417,Vacant
PROP_002_U058,PROP_002,158,Studio,447,723,Vacant
PROP_002_U059,PROP_002,659,2B2B,987,1278,Vacant
PROP_002_U060,PROP_002,660,2B1B,893,1182,Vacant
PROP_002_U061,PROP_002,161,2B1B,860,1242,Vacant
PROP_002_U062,PROP_002,962,1B1B,689,989,Vacant
PROP_002_U063,PROP_002,1063,1B1B,630,1027,Vacant
PROP_002_U064,PROP_002,364,1B1B,758,976,Vacant
PROP_002_U065,PROP_002,565,2B2B,1013,1351,Vacant
PROP_002_U066,PROP_002,1066,2B2B,984,1517,Vacant
PROP_002_U067,PROP_002,367,1B1B,687,1013,Vacant
PROP_002_U068,PROP_002,1068,Studio,596,874,Vacant
PROP_002_U069,PROP_002,769,Studio,597,797,Vacant
PROP_002_U070,PROP_002,170,2B1B,896,1405,Vacant
PROP_002_U071,PROP_002,871,2B2B,1043,1446,Vacant
PROP_002_U072,PROP_002,972,Studio,573,839,Vacant
PROP_002_U073,PROP_002,173,2B1B,854,1358,Vacant
PROP_002_U074,PROP_002,474,2B1B,972,1315,Vacant
PROP_002_U075,PROP_002,875,2B2B,980,1272,Vacant
PROP_002_U076,PROP_002,376,Studio,408,724,Vacant
PROP_002_U077,PROP_002,177,3B2B,1440,1848,Vacant
PROP_002_U078,PROP_002,178,3B2B,1318,1549,Vacant
PROP_002_U079,PROP_002,279,2B2B,956,1530,Vacant
PROP_002_U080,PROP_002,880,3B2B,1299,1633,Vacant
PROP_002_U081,PROP_002,781,2B1B,887,1411,Vacant
PROP_002_U082,PROP_002,882,3B2B,1438,1817,Vacant
PROP_002_U083,PROP_002,583,Studio,586,862,Vacant
PROP_002_U084,PROP_002,784,Studio,573,878,Vacant
PROP_002_U085,PROP_002,1085,3B2B,1363,1837,Vacant
PROP_002_U086,PROP_002,186,Studio,532,868,Vacant
PROP_002_U087,PROP_002,487,2B2B,1131,1273,Vacant
PROP_002_U088,PROP_002,488,Studio,442,814,Vacant
PROP_003_U000,PROP_003,900,1B1B,792,968,Vacant
PROP_003_U001,PROP_003,701,3B2B,1264,1841,Vacant
PROP_003_U002,PROP_003,802,3B2B,1327,1746,Vacant
PROP_003_U003,PROP_003,303,2B1B,874,1339,Vacant
PROP_003_U004,PROP_003,704,3B2B,1274,1615,Vacant
PROP_003_U005,PROP_003,905,3B2B,1127,1754,Vacant
PROP_003_U006,PROP_003,806,2B2B,1011,1497,Vacant
PROP_003_U007,PROP_003,507,Studio,560,826,Vacant
PROP_003_U008,PROP_003,808,2B1B,929,1315,Vacant
PROP_003_U009,PROP_003,209,1B1B,766,924,Vacant
PROP_003_U010,PROP_003,910,2B1B,818,1237,Vacant
PROP_003_U011,PROP_003,811,Studio,472,837,Vacant
PROP_003_U012,PROP_003,512,1B1B,712,979,Vacant
PROP_004_U000,PROP_004,1000,3B2B,1152,2451,Vacant
PROP_004_U001,PROP_004,501,Studio,409,1121,Vacant
PROP_004_U002,PROP_004,602,1B1B,732,1522,Vacant
PROP_004_U003,PROP_004,903,2B1B,807,1922,Vacant
PROP_004_U004,PROP_004,104,1B1B,702,1545,Vacant
PROP_004_U005,PROP_004,105,1B1B,791,1526,Vacant
PROP_004_U006,PROP_004,106,2B2B,1189,1982,Vacant
PROP_004_U007,PROP_004,107,2B2B,1115,2181,Vacant
PROP_004_U008,PROP_004,408,1B1B,609,1381,Vacant
PROP_004_U009,PROP_004,809,Studio,450,1100,Vacant
PROP_004_U010,PROP_004,310,2B1B,984,2042,Vacant
PROP_004_U011,PROP_004,1011,3B2B,1498,2794,Vacant
PROP_004_U012,PROP_004,212,2B1B,912,2118,Vacant
PROP_004_U013,PROP_004,713,2B2B,1087,1939,Vacant
PROP_004_U014,PROP_004,1014,Studio,484,1264,Vacant
PROP_004_U015,PROP_004,615,1B1B,618,1438,Vacant
PROP_004_U016,PROP_004,916,2B2B,1096,1902,Vacant
PROP_004_U017,PROP_004,817,Studio,569,1318,Vacant
PROP_004_U018,PROP_004,118,2B2B,1006,2046,Vacant
PROP_004_U019,PROP_004,119,3B2B,1146,2620,Vacant
PROP_004_U020,PROP_004,120,2B2B,1138,2296,Vacant
PROP_004_U021,PROP_004,421,1B1B,765,1603,Vacant
PROP_004_U022,PROP_004,822,2B1B,849,1976,Vacant
PROP_004_U023,PROP_004,623,3B2B,1358,2599,Vacant
PROP_004_U024,PROP_004,624,2B2B,959,1974,Vacant
PROP_004_U025,PROP_004,425,Studio,509,1118,Vacant
PROP_004_U026,PROP_004,526,3B2B,1401,2723,Vacant
PROP_004_U027,PROP_004,927,2B1B,842,2002,Vacant
PROP_004_U028,PROP_004,1028,1B1B,614,1454,Vacant
PROP_004_U029,PROP_004,829,3B2B,1397,2614,Vacant
PROP_004_U030,PROP_004,330,Studio,508,1304,Vacant
PROP_004_U031,PROP_004,231,2B1B,968,2000,Vacant
PROP_004_U032,PROP_004,332,2B1B,992,2117,Vacant
PROP_004_U033,PROP_004,533,Studio,475,1215,Vacant
PROP_004_U034,PROP_004,134,2B2B,961,1943,Vacant
PROP_004_U035,PROP_004,535,1B1B,742,1550,Vacant
PROP_004_U036,PROP_004,236,3B2B,1375,2594,Vacant
PROP_004_U037,PROP_004,637,Studio,600,1269,Vacant
PROP_004_U038,PROP_004,1038,3B2B,1209,2518,Vacant
PROP_004_U039,PROP_004,239,2B1B,974,1921,Vacant
PROP_004_U040,PROP_004,840,Studio,540,1184,Vacant
PROP_004_U041,PROP_004,1041,Studio,557,1168,Vacant
PROP_004_U042,PROP_004,342,Studio,555,1197,Vacant
PROP_004_U043,PROP_004,543,3B2B,1177,2609,Vacant
PROP_004_U044,PROP_004,444,2B2B,1032,2030,Vacant
PROP_004_U045,PROP_004,745,2B2B,1099,1891,Vacant
PROP_004_U046,PROP_004,146,Studio,439,1314,Vacant
PROP_004_U047,PROP_004,847,1B1B,777,1463,Vacant
PROP_004_U048,PROP_004,548,Studio,548,1219,Vacant
PROP_004_U049,PROP_004,749,2B1B,896,1837,Vacant
PROP_004_U050,PROP_004,650,1B1B,774,1501,Vacant
PROP_004_U051,PROP_004,251,2B1B,877,2082,Vacant
PROP_004_U052,PROP_004,452,3B2B,1243,2491,Vacant
PROP_004_U053,PROP_004,1053,3B2B,1399,2768,Vacant
PROP_004_U054,PROP_004,154,Studio,440,1238,Vacant
PROP_004_U055,PROP_004,755,1B1B,607,1387,Vacant
PROP_004_U056,PROP_004,556,3B2B,1496,2403,Vacant
PROP_004_U057,PROP_004,957,Studio,550,1189,Vacant
PROP_004_U058,PROP_004,158,Studio,598,1171,Vacant
PROP_004_U059,PROP_004,1059,Studio,599,1290,Vacant
PROP_004_U060,PROP_004,360,Studio,568,1243,Vacant
PROP_004_U061,PROP_004,661,2B1B,804,1986,Vacant
PROP_004_U062,PROP_004,862,2B2B,1059,2275,Vacant
PROP_005_U000,PROP_005,700,1B1B,644,1276,Vacant
PROP_005_U001,PROP_005,601,3B2B,1376,2599,Vacant
PROP_005_U002,PROP_005,502,2B1B,935,1874,Vacant
PROP_005_U003,PROP_005,503,Studio,461,1169,Vacant
PROP_005_U004,PROP_005,304,2B2B,1146,1810,Vacant
PROP_005_U005,PROP_005,705,2B1B,909,1766,Vacant
PROP_005_U006,PROP_005,106,1B1B,656,1355,Vacant
PROP_005_U007,PROP_005,307,Studio,454,1018,Vacant
PROP_005_U008,PROP_005,308,3B2B,1145,2490,Vacant
PROP_005_U009,PROP_005,1009,3B2B,1207,2345,Vacant
PROP_005_U010,PROP_005,1010,2B1B,967,1741,Vacant
PROP_005_U011,PROP_005,911,1B1B,730,1484,Vacant
PROP_005_U012,PROP_005,612,2B2B,993,1917,Vacant
PROP_005_U013,PROP_005,713,Studio,560,1117,Vacant
PROP_005_U014,PROP_005,1014,2B1B,994,1651,Vacant
PROP_005_U015,PROP_005,315,Studio,538,1132,Vacant
PROP_005_U016,PROP_005,816,2B1B,976,1920,Vacant
PROP_005_U017,PROP_005,517,1B1B,751,1471,Vacant
PROP_005_U018,PROP_005,618,2B1B,824,1645,Vacant
PROP_005_U019,PROP_005,1019,3B2B,1414,2573,Vacant
PROP_005_U020,PROP_005,220,2B1B,820,1756,Vacant
PROP_005_U021,PROP_005,321,1B1B,778,1422,Vacant
PROP_005_U022,PROP_005,122,1B1B,640,1380,Vacant
PROP_005_U023,PROP_005,523,2B1B,881,1840,Vacant
PROP_005_U024,PROP_005,724,2B2B,1134,1811,Vacant
PROP_005_U025,PROP_005,825,2B2B,1151,2121,Vacant
PROP_005_U026,PROP_005,1026,3B2B,1400,2170,Vacant
PROP_005_U027,PROP_005,627,2B1B,879,1680,Vacant
PROP_005_U028,PROP_005,1028,2B2B,972,2134,Vacant
PROP_005_U029,PROP_005,429,1B1B,742,1262,Vacant
PROP_005_U030,PROP_005,930,Studio,504,1058,Vacant
PROP_005_U031,PROP_005,331,3B2B,1198,2392,Vacant
PROP_005_U032,PROP_005,632,2B2B,1096,2023,Vacant
PROP_005_U033,PROP_005,633,3B2B,1236,2418,Vacant
PROP_005_U034,PROP_005,534,2B1B,914,1874,Vacant
PROP_005_U035,PROP_005,335,3B2B,1171,2435,Vacant
PROP_005_U036,PROP_005,436,2B2B,1040,2003,Vacant
PROP_005_U037,PROP_005,237,Studio,458,1084,Vacant
PROP_005_U038,PROP_005,138,2B2B,1191,1907,Vacant
PROP_005_U039,PROP_005,739,1B1B,636,1270,Vacant
PROP_005_U040,PROP_005,140,3B2B,1148,2172,Vacant
PROP_005_U041,PROP_005,141,1B1B,725,1510,Vacant
PROP_005_U042,PROP_005,442,1B1B,631,1314,Vacant
PROP_005_U043,PROP_005,643,2B1B,994,1759,Vacant
PROP_005_U044,PROP_005,944,2B2B,977,1948,Vacant
PROP_005_U045,PROP_005,345,Studio,444,1010,Vacant
PROP_005_U046,PROP_005,146,2B1B,991,1668,Vacant
PROP_005_U047,PROP_005,247,1B1B,798,1315,Vacant
PROP_005_U048,PROP_005,148,2B2B,1061,1896,Vacant
PROP_005_U049,PROP_005,649,2B1B,916,1900,Vacant
PROP_005_U050,PROP_005,1050,2B2B,1096,1943,Vacant
PROP_005_U051,PROP_005,551,2B2B,999,2076,Vacant
PROP_005_U052,PROP_005,952,2B2B,1086,1778,Vacant
PROP_005_U053,PROP_005,253,3B2B,1183,2407,Vacant
PROP_005_U054,PROP_005,854,3B2B,1169,2240,Vacant
PROP_005_U055,PROP_005,455,2B2B,1104,2027,Vacant
PROP_005_U056,PROP_005,256,3B2B,1401,2304,Vacant
PROP_005_U057,PROP_005,657,2B2B,957,1896,Vacant
PROP_005_U058,PROP_005,158,2B2B,1091,2129,Vacant
PROP_005_U059,PROP_005,159,Studio,573,1127,Vacant
PROP_005_U060,PROP_005,960,1B1B,607,1533,Vacant
PROP_005_U061,PROP_005,761,Studio,430,1197,Vacant
PROP_005_U062,PROP_005,662,2B1B,899,1809,Vacant
PROP_005_U063,PROP_005,563,1B1B,796,1399,Vacant
PROP_005_U064,PROP_005,964,Studio,496,1085,Vacant
PROP_005_U065,PROP_005,265,Studio,522,1216,Vacant
PROP_005_U066,PROP_005,666,2B2B,1095,1857,Vacant
PROP_005_U067,PROP_005,167,1B1B,705,1398,Vacant
PROP_005_U068,PROP_005,868,1B1B,672,1413,Vacant
PROP_005_U069,PROP_005,469,2B2B,1073,2058,Vacant
PROP_005_U070,PROP_005,1070,1B1B,615,1525,Vacant
PROP_005_U071,PROP_005,971,2B1B,830,1839,Vacant
PROP_005_U072,PROP_005,272,3B2B,1397,2417,Vacant
PROP_005_U073,PROP_005,773,1B1B,697,1386,Vacant
PROP_005_U074,PROP_005,674,1B1B,657,1508,Vacant
PROP_005_U075,PROP_005,575,1B1B,731,1408,Vacant
PROP_005_U076,PROP_005,576,2B2B,1091,1870,Vacant
PROP_005_U077,PROP_005,977,3B2B,1234,2610,Vacant
PROP_005_U078,PROP_005,578,1B1B,760,1431,Vacant
PROP_005_U079,PROP_005,679,1B1B,765,1262,Vacant
PROP_005_U080,PROP_005,480,1B1B,709,1501,Vacant
PROP_006_U000,PROP_006,500,3B2B,1399,1341,Vacant
PROP_006_U001,PROP_006,101,2B1B,921,1118,Vacant
PROP_006_U002,PROP_006,502,2B1B,914,948,Vacant
PROP_006_U003,PROP_006,103,2B1B,923,1063,Vacant
PROP_006_U004,PROP_006,304,2B2B,978,1219,Vacant
PROP_006_U005,PROP_006,305,3B2B,1280,1398,Vacant
PROP_006_U006,PROP_006,906,3B2B,1157,1386,Vacant
PROP_006_U007,PROP_006,407,2B2B,1029,1093,Vacant
PROP_006_U008,PROP_006,608,2B2B,979,1141,Vacant
PROP_006_U009,PROP_006,609,3B2B,1279,1245,Vacant
PROP_006_U010,PROP_006,710,1B1B,650,793,Vacant
PROP_006_U011,PROP_006,711,1B1B,606,776,Vacant
PROP_006_U012,PROP_006,812,1B1B,672,804,Vacant
PROP_006_U013,PROP_006,713,1B1B,796,757,Vacant
PROP_006_U014,PROP_006,1014,2B1B,972,1028,Vacant
PROP_006_U015,PROP_006,715,2B1B,950,1106,Vacant
PROP_006_U016,PROP_006,416,2B2B,1071,1194,Vacant
PROP_006_U017,PROP_006,617,1B1B,750,830,Vacant
PROP_006_U018,PROP_006,818,3B2B,1404,1377,Vacant
PROP_006_U019,PROP_006,619,3B2B,1225,1447,Vacant
PROP_006_U020,PROP_006,320,Studio,561,592,Vacant
PROP_006_U021,PROP_006,621,1B1B,651,833,Vacant
PROP_006_U022,PROP_006,322,2B2B,1048,1097,Vacant
PROP_006_U023,PROP_006,723,1B1B,767,864,Vacant
PROP_006_U024,PROP_006,924,Studio,454,588,Vacant
PROP_006_U025,PROP_006,225,2B2B,1146,1219,Vacant
PROP_006_U026,PROP_006,526,2B1B,826,1044,Vacant
PROP_006_U027,PROP_006,1027,2B1B,954,984,Vacant
PROP_006_U028,PROP_006,528,1B1B,772,831,Vacant
PROP_006_U029,PROP_006,529,3B2B,1424,1374,Vacant
PROP_006_U030,PROP_006,130,1B1B,744,809,Vacant
PROP_006_U031,PROP_006,931,3B2B,1449,1380,Vacant
PROP_006_U032,PROP_006,532,Studio,540,577,Vacant
PROP_006_U033,PROP_006,733,2B2B,1173,1174,Vacant
PROP_006_U034,PROP_006,434,Studio,585,675,Vacant
PROP_006_U035,PROP_006,535,1B1B,798,833,Vacant
PROP_006_U036,PROP_006,636,3B2B,1379,1415,Vacant
PROP_006_U037,PROP_006,337,1B1B,776,858,Vacant
PROP_006_U038,PROP_006,838,2B1B,836,1071,Vacant
PROP_006_U039,PROP_006,1039,1B1B,744,757,Vacant
PROP_006_U040,PROP_006,540,3B2B,1317,1478,Vacant
PROP_006_U041,PROP_006,841,2B1B,844,1138,Vacant
PROP_006_U042,PROP_006,1042,2B1B,882,987,Vacant
PROP_006_U043,PROP_006,943,Studio,549,601,Vacant
PROP_006_U044,PROP_006,944,Studio,440,678,Vacant
PROP_006_U045,PROP_006,345,1B1B,611,765,Vacant
PROP_006_U046,PROP_006,546,Studio,571,640,Vacant
PROP_006_U047,PROP_006,647,2B2B,1196,1115,Vacant
PROP_006_U048,PROP_006,148,Studio,541,618,Vacant
PROP_006_U049,PROP_006,949,3B2B,1418,1356,Vacant
PROP_006_U050,PROP_006,450,1B1B,600,762,Vacant
PROP_006_U051,PROP_006,251,1B1B,740,808,Vacant
PROP_006_U052,PROP_006,752,1B1B,763,862,Vacant
PROP_006_U053,PROP_006,853,Studio,411,698,Vacant
PROP_006_U054,PROP_006,254,3B2B,1492,1240,Vacant
PROP_006_U055,PROP_006,455,1B1B,631,854,Vacant
PROP_006_U056,PROP_006,1056,3B2B,1418,1458,Vacant
PROP_006_U057,PROP_006,257,3B2B,1450,1451,Vacant
PROP_006_U058,PROP_006,758,1B1B,796,791,Vacant
PROP_006_U059,PROP_006,759,Studio,469,689,Vacant
PROP_006_U060,PROP_006,760,Studio,462,685,Vacant
PROP_006_U061,PROP_006,961,Studio,561,701,Vacant
PROP_006_U062,PROP_006,662,2B2B,988,1157,Vacant
PROP_006_U063,PROP_006,663,1B1B,727,746,Vacant
PROP_006_U064,PROP_006,864,1B1B,743,776,Vacant
PROP_006_U065,PROP_006,1065,3B2B,1465,1488,Vacant
PROP_006_U066,PROP_006,966,3B2B,1467,1362,Vacant
PROP_006_U067,PROP_006,367,2B2B,1145,1051,Vacant
PROP_006_U068,PROP_006,868,Studio,549,688,Vacant
PROP_006_U069,PROP_006,569,1B1B,660,871,Vacant
PROP_006_U070,PROP_006,270,2B2B,1191,1148,Vacant
PROP_006_U071,PROP_006,871,Studio,422,655,Vacant
PROP_006_U072,PROP_006,872,Studio,513,610,Vacant
PROP_006_U073,PROP_006,373,2B1B,991,979,Vacant
PROP_006_U074,PROP_006,1074,2B1B,952,1085,Vacant
PROP_006_U075,PROP_006,275,3B2B,1312,1313,Vacant
PROP_006_U076,PROP_006,676,2B2B,960,1132,Vacant
PROP_006_U077,PROP_006,377,1B1B,660,791,Vacant
PROP_006_U078,PROP_006,978,2B1B,873,992,Vacant
PROP_006_U079,PROP_006,779,1B1B,706,792,Vacant
PROP_006_U080,PROP_006,1080,2B2B,1070,1067,Vacant
PROP_006_U081,PROP_006,681,3B2B,1275,1333,Vacant
PROP_006_U082,PROP_006,282,Studio,490,587,Vacant
PROP_006_U083,PROP_006,183,1B1B,769,754,Vacant
PROP_006_U084,PROP_006,584,3B2B,1171,1243,Vacant
PROP_006_U085,PROP_006,885,3B2B,1407,1256,Vacant
PROP_006_U086,PROP_006,486,2B1B,841,1050,Vacant
PROP_006_U087,PROP_006,687,2B2B,1012,1151,Vacant
PROP_007_U000,PROP_007,600,1B1B,681,919,Vacant
PROP_007_U001,PROP_007,501,3B2B,1385,1737,Vacant
PROP_007_U002,PROP_007,902,2B2B,1159,1502,Vacant
PROP_007_U003,PROP_007,303,2B2B,1171,1491,Vacant
PROP_007_U004,PROP_007,304,3B2B,1245,1604,Vacant
PROP_007_U005,PROP_007,405,Studio,576,869,Vacant
PROP_007_U006,PROP_007,206,1B1B,623,1048,Vacant
PROP_007_U007,PROP_007,507,2B2B,995,1339,Vacant
PROP_007_U008,PROP_007,108,2B1B,876,1194,Vacant
PROP_007_U009,PROP_007,409,1B1B,670,974,Vacant
PROP_007_U010,PROP_007,710,Studio,458,758,Vacant
PROP_007_U011,PROP_007,911,Studio,437,754,Vacant
PROP_007_U012,PROP_007,1012,2B1B,957,1257,Vacant
PROP_007_U013,PROP_007,913,2B2B,1128,1527,Vacant
PROP_007_U014,PROP_007,714,2B2B,1180,1399,Vacant
PROP_007_U015,PROP_007,915,3B2B,1293,1707,Vacant
PROP_007_U016,PROP_007,116,1B1B,741,1071,Vacant
PROP_007_U017,PROP_007,717,2B2B,1165,1375,Vacant
PROP_007_U018,PROP_007,318,Studio,441,816,Vacant
PROP_007_U019,PROP_007,1019,2B2B,1079,1419,Vacant
PROP_007_U020,PROP_007,420,3B2B,1472,1542,Vacant
PROP_007_U021,PROP_007,621,2B1B,924,1354,Vacant
PROP_007_U022,PROP_007,822,2B2B,1030,1325,Vacant
PROP_007_U023,PROP_007,123,Studio,559,750,Vacant
PROP_007_U024,PROP_007,724,1B1B,703,987,Vacant
PROP_007_U025,PROP_007,1025,2B2B,985,1375,Vacant
PROP_007_U026,PROP_007,826,Studio,504,850,Vacant
PROP_007_U027,PROP_007,227,2B1B,841,1401,Vacant
PROP_007_U028,PROP_007,228,2B1B,990,1309,Vacant
PROP_007_U029,PROP_007,1029,2B1B,855,1229,Vacant
PROP_007_U030,PROP_007,630,2B1B,809,1267,Vacant
PROP_007_U031,PROP_007,231,2B1B,831,1308,Vacant
PROP_008_U000,PROP_008,600,3B2B,1187,1547,Vacant
PROP_008_U001,PROP_008,401,Studio,452,819,Vacant
PROP_008_U002,PROP_008,602,1B1B,647,910,Vacant
PROP_008_U003,PROP_008,903,3B2B,1222,1629,Vacant
PROP_008_U004,PROP_008,604,Studio,426,864,Vacant
PROP_008_U005,PROP_008,805,3B2B,1382,1637,Vacant
PROP_008_U006,PROP_008,806,1B1B,712,919,Vacant
PROP_008_U007,PROP_008,707,3B2B,1311,1760,Vacant
PROP_008_U008,PROP_008,108,3B2B,1106,1653,Vacant
PROP_008_U009,PROP_008,809,Studio,540,755,Vacant
PROP_008_U010,PROP_008,410,2B1B,887,1266,Vacant
PROP_008_U011,PROP_008,211,1B1B,757,1079,Vacant
PROP_008_U012,PROP_008,412,3B2B,1350,1793,Vacant
PROP_008_U013,PROP_008,1013,3B2B,1173,1645,Vacant
PROP_008_U014,PROP_008,314,Studio,401,796,Vacant
PROP_008_U015,PROP_008,915,2B2B,1182,1385,Vacant
PROP_008_U016,PROP_008,216,2B1B,817,1416,Vacant
PROP_008_U017,PROP_008,717,3B2B,1346,1822,Vacant
PROP_009_U000,PROP_009,400,2B1B,958,962,Vacant
PROP_009_U001,PROP_009,501,2B2B,969,1129,Vacant
PROP_009_U002,PROP_009,502,3B2B,1111,1296,Vacant
PROP_009_U003,PROP_009,1003,2B1B,828,1038,Vacant
PROP_009_U004,PROP_009,504,2B2B,1081,1143,Vacant
PROP_009_U005,PROP_009,305,Studio,499,703,Vacant
PROP_009_U006,PROP_009,606,1B1B,751,827,Vacant
PROP_009_U007,PROP_009,307,1B1B,753,750,Vacant
PROP_009_U008,PROP_009,108,2B1B,998,1019,Vacant
PROP_009_U009,PROP_009,609,Studio,550,659,Vacant
PROP_009_U010,PROP_009,810,1B1B,653,817,Vacant
PROP_009_U011,PROP_009,411,2B1B,848,1102,Vacant
PROP_009_U012,PROP_009,612,2B1B,817,1063,Vacant
PROP_009_U013,PROP_009,713,Studio,472,599,Vacant
PROP_009_U014,PROP_009,214,2B1B,880,988,Vacant
PROP_009_U015,PROP_009,1015,2B2B,1132,1125,Vacant
PROP_009_U016,PROP_009,316,3B2B,1340,1460,Vacant
PROP_009_U017,PROP_009,317,Studio,486,662,Vacant
PROP_009_U018,PROP_009,518,2B1B,906,1046,Vacant
PROP_009_U019,PROP_009,519,3B2B,1416,1442,Vacant
PROP_009_U020,PROP_009,520,Studio,522,642,Vacant
PROP_009_U021,PROP_009,221,2B1B,905,1018,Vacant
PROP_009_U022,PROP_009,922,Studio,555,663,Vacant
PROP_009_U023,PROP_009,823,2B2B,970,1071,Vacant
PROP_009_U024,PROP_009,624,3B2B,1226,1291,Vacant
PROP_009_U025,PROP_009,1025,1B1B,758,788,Vacant
PROP_009_U026,PROP_009,626,2B2B,1064,1211,Vacant
PROP_009_U027,PROP_009,527,2B1B,862,1031,Vacant
PROP_009_U028,PROP_009,1028,2B2B,1176,1202,Vacant
PROP_009_U029,PROP_009,829,Studio,552,677,Vacant
PROP_009_U030,PROP_009,630,Studio,493,660,Vacant
PROP_009_U031,PROP_009,1031,2B2B,1001,1164,Vacant
PROP_009_U032,PROP_009,732,2B1B,964,958,Vacant
PROP_009_U033,PROP_009,433,1B1B,760,781,Vacant
PROP_009_U034,PROP_009,534,3B2B,1488,1427,Vacant
PROP_009_U035,PROP_009,235,3B2B,1235,1233,Vacant
PROP_009_U036,PROP_009,936,1B1B,716,789,Vacant
PROP_009_U037,PROP_009,237,2B1B,989,1020,Vacant
PROP_009_U038,PROP_009,338,2B2B,1014,1052,Vacant
PROP_009_U039,PROP_009,539,2B1B,813,1098,Vacant
PROP_009_U040,PROP_009,840,1B1B,794,879,Vacant
PROP_009_U041,PROP_009,841,1B1B,723,851,Vacant
PROP_009_U042,PROP_009,542,1B1B,626,799,Vacant
PROP_009_U043,PROP_009,543,Studio,570,608,Vacant
PROP_009_U044,PROP_009,544,1B1B,688,820,Vacant
PROP_009_U045,PROP_009,345,3B2B,1174,1392,Vacant
PROP_009_U046,PROP_009,346,1B1B,746,830,Vacant
PROP_009_U047,PROP_009,247,2B1B,926,1098,Vacant
PROP_009_U048,PROP_009,448,2B2B,1094,1224,Vacant
PROP_009_U049,PROP_009,449,1B1B,612,756,Vacant
PROP_009_U050,PROP_009,750,Studio,436,656,Vacant
PROP_009_U051,PROP_009,651,2B2B,1037,1182,Vacant
PROP_009_U052,PROP_009,352,3B2B,1357,1442,Vacant
PROP_009_U053,PROP_009,653,2B1B,989,1121,Vacant
PROP_009_U054,PROP_009,954,2B2B,1062,1129,Vacant
PROP_009_U055,PROP_009,1055,3B2B,1266,1349,Vacant
PROP_009_U056,PROP_009,156,Studio,566,658,Vacant
PROP_009_U057,PROP_009,857,3B2B,1387,1352,Vacant
PROP_009_U058,PROP_009,558,2B1B,970,1010,Vacant
PROP_009_U059,PROP_009,159,2B1B,830,1115,Vacant
PROP_009_U060,PROP_009,460,2B2B,958,1199,Vacant
PROP_009_U061,PROP_009,561,Studio,402,594,Vacant
PROP_009_U062,PROP_009,462,Studio,415,674,Vacant
PROP_009_U063,PROP_009,563,2B1B,938,980,Vacant
PROP_009_U064,PROP_009,764,Studio,570,619,Vacant
PROP_009_U065,PROP_009,465,Studio,526,611,Vacant
PROP_009_U066,PROP_009,866,1B1B,672,803,Vacant
PROP_009_U067,PROP_009,967,1B1B,755,873,Vacant
PROP_009_U068,PROP_009,468,3B2B,1228,1236,Vacant
PROP_009_U069,PROP_009,569,1B1B,666,790,Vacant
PROP_009_U070,PROP_009,470,3B2B,1101,1364,Vacant
PROP_009_U071,PROP_009,571,2B1B,810,953,Vacant
PROP_009_U072,PROP_009,672,1B1B,609,737,Vacant
PROP_009_U073,PROP_009,973,2B2B,990,1031,Vacant
PROP_009_U074,PROP_009,174,2B2B,1196,1035,Vacant
PROP_010_U000,PROP_010,600,2B2B,1185,1309,Vacant
PROP_010_U001,PROP_010,901,2B2B,981,1501,Vacant
PROP_010_U002,PROP_010,902,2B2B,1139,1435,Vacant
PROP_010_U003,PROP_010,103,1B1B,627,914,Vacant
PROP_010_U004,PROP_010,904,2B2B,1183,1315,Vacant
PROP_010_U005,PROP_010,905,2B1B,917,1341,Vacant
PROP_010_U006,PROP_010,506,3B2B,1374,1801,Vacant
PROP_010_U007,PROP_010,307,Studio,414,841,Vacant
PROP_010_U008,PROP_010,208,Studio,441,784,Vacant
PROP_010_U009,PROP_010,809,1B1B,740,1034,Vacant
PROP_010_U010,PROP_010,710,Studio,477,841,Vacant
PROP_010_U011,PROP_010,111,2B1B,982,1404,Vacant
PROP_010_U012,PROP_010,612,Studio,518,863,Vacant
PROP_010_U013,PROP_010,1013,1B1B,603,1097,Vacant
PROP_010_U014,PROP_010,414,2B1B,983,1195,Vacant
PROP_010_U015,PROP_010,615,1B1B,798,1027,Vacant
PROP_010_U016,PROP_010,916,2B1B,917,1335,Vacant
PROP_010_U017,PROP_010,817,3B2B,1463,1631,Vacant
PROP_010_U018,PROP_010,818,1B1B,636,1053,Vacant
PROP_010_U019,PROP_010,719,1B1B,733,1001,Vacant
PROP_010_U020,PROP_010,720,1B1B,621,946,Vacant
PROP_010_U021,PROP_010,321,2B2B,1200,1468,Vacant
PROP_010_U022,PROP_010,322,1B1B,720,971,Vacant
PROP_010_U023,PROP_010,1023,2B2B,1199,1382,Vacant
PROP_010_U024,PROP_010,924,1B1B,753,963,Vacant
PROP_010_U025,PROP_010,825,3B2B,1271,1632,Vacant
PROP_010_U026,PROP_010,426,2B2B,1178,1369,Vacant
PROP_010_U027,PROP_010,1027,1B1B,765,1060,Vacant
PROP_010_U028,PROP_010,328,3B2B,1176,1722,Vacant
PROP_010_U029,PROP_010,729,3B2B,1447,1852,Vacant
PROP_010_U030,PROP_010,430,3B2B,1349,1637,Vacant
PROP_011_U000,PROP_011,300,Studio,572,811,Vacant
PROP_011_U001,PROP_011,801,Studio,531,809,Vacant
PROP_011_U002,PROP_011,1002,2B2B,1187,1398,Vacant
PROP_011_U003,PROP_011,203,2B1B,878,1390,Vacant
PROP_011_U004,PROP_011,904,3B2B,1471,1650,Vacant
PROP_011_U005,PROP_011,405,Studio,457,761,Vacant
PROP_011_U006,PROP_011,706,3B2B,1231,1869,Vacant
PROP_011_U007,PROP_011,407,2B1B,840,1221,Vacant
PROP_011_U008,PROP_011,308,1B1B,751,994,Vacant
PROP_011_U009,PROP_011,1009,3B2B,1453,1773,Vacant
PROP_011_U010,PROP_011,310,2B2B,971,1519,Vacant
PROP_011_U011,PROP_011,211,2B2B,1125,1399,Vacant
PROP_011_U012,PROP_011,112,3B2B,1400,1708,Vacant
PROP_011_U013,PROP_011,1013,2B1B,926,1239,Vacant
PROP_011_U014,PROP_011,514,1B1B,793,1060,Vacant
PROP_011_U015,PROP_011,615,Studio,579,836,Vacant
PROP_011_U016,PROP_011,316,1B1B,689,909,Vacant
PROP_011_U017,PROP_011,917,2B2B,980,1274,Vacant
PROP_011_U018,PROP_011,418,2B1B,959,1267,Vacant
PROP_011_U019,PROP_011,619,2B1B,877,1239,Vacant
PROP_011_U020,PROP_011,120,2B1B,916,1416,Vacant
PROP_011_U021,PROP_011,121,1B1B,753,935,Vacant
PROP_011_U022,PROP_011,322,3B2B,1428,1653,Vacant
PROP_011_U023,PROP_011,423,2B2B,999,1386,Vacant
PROP_011_U024,PROP_011,224,2B1B,989,1232,Vacant
PROP_011_U025,PROP_011,525,Studio,470,837,Vacant
PROP_011_U026,PROP_011,426,2B2B,965,1315,Vacant
PROP_011_U027,PROP_011,727,1B1B,693,1004,Vacant
PROP_011_U028,PROP_011,528,Studio,560,756,Vacant
PROP_011_U029,PROP_011,229,2B1B,818,1286,Vacant
PROP_011_U030,PROP_011,230,Studio,400,837,Vacant
PROP_011_U031,PROP_011,931,2B2B,1109,1451,Vacant
PROP_011_U032,PROP_011,132,2B1B,806,1244,Vacant
PROP_011_U033,PROP_011,533,1B1B,650,1035,Vacant
PROP_011_U034,PROP_011,134,Studio,530,732,Vacant
PROP_011_U035,PROP_011,535,2B1B,820,1361,Vacant
PROP_011_U036,PROP_011,336,1B1B,787,1034,Vacant
PROP_011_U037,PROP_011,237,2B1B,804,1265,Vacant
PROP_011_U038,PROP_011,938,2B1B,980,1402,Vacant
PROP_011_U039,PROP_011,1039,1B1B,795,1012,Vacant
PROP_011_U040,PROP_011,740,2B2B,1097,1534,Vacant
PROP_011_U041,PROP_011,341,2B2B,1163,1418,Vacant
PROP_011_U042,PROP_011,442,2B1B,944,1283,Vacant
PROP_011_U043,PROP_011,543,2B1B,947,1176,Vacant
PROP_011_U044,PROP_011,244,2B1B,904,1429,Vacant
PROP_011_U045,PROP_011,945,2B2B,1199,1391,Vacant
PROP_011_U046,PROP_011,746,Studio,600,805,Vacant
PROP_011_U047,PROP_011,447,1B1B,745,987,Vacant
PROP_011_U048,PROP_011,648,1B1B,774,997,Vacant
PROP_011_U049,PROP_011,249,3B2B,1138,1532,Vacant
PROP_011_U050,PROP_011,550,1B1B,670,1004,Vacant
PROP_011_U051,PROP_011,351,2B1B,987,1330,Vacant
PROP_011_U052,PROP_011,552,1B1B,694,967,Vacant
PROP_011_U053,PROP_011,853,3B2B,1450,1643,Vacant
PROP_011_U054,PROP_011,254,3B2B,1296,1741,Vacant
PROP_011_U055,PROP_011,1055,3B2B,1490,1562,Vacant
PROP_011_U056,PROP_011,1056,2B1B,959,1269,Vacant
PROP_011_U057,PROP_011,157,2B1B,869,1219,Vacant
PROP_011_U058,PROP_011,958,2B2B,960,1526,Vacant
PROP_011_U059,PROP_011,359,2B2B,1169,1477,Vacant
PROP_011_U060,PROP_011,960,Studio,423,794,Vacant
PROP_012_U000,PROP_012,900,2B1B,914,1396,Vacant
PROP_012_U001,PROP_012,201,2B1B,922,1245,Vacant
PROP_012_U002,PROP_012,602,3B2B,1463,1801,Vacant
PROP_012_U003,PROP_012,703,3B2B,1173,1583,Vacant
PROP_012_U004,PROP_012,1004,2B1B,812,1329,Vacant
PROP_012_U005,PROP_012,305,2B1B,938,1366,Vacant
PROP_012_U006,PROP_012,406,3B2B,1214,1784,Vacant
PROP_012_U007,PROP_012,1007,Studio,451,861,Vacant
PROP_012_U008,PROP_012,708,1B1B,643,1041,Vacant
PROP_012_U009,PROP_012,309,1B1B,643,957,Vacant
PROP_012_U010,PROP_012,610,Studio,457,784,Vacant
PROP_012_U011,PROP_012,111,3B2B,1402,1695,Vacant
PROP_012_U012,PROP_012,1012,Studio,505,775,Vacant
PROP_012_U013,PROP_012,113,Studio,548,757,Vacant
PROP_012_U014,PROP_012,814,2B2B,1164,1404,Vacant
PROP_012_U015,PROP_012,415,2B1B,970,1394,Vacant
PROP_012_U016,PROP_012,1016,Studio,563,791,Vacant
PROP_012_U017,PROP_012,117,Studio,585,857,Vacant
PROP_012_U018,PROP_012,818,1B1B,629,1052,Vacant
PROP_012_U019,PROP_012,519,3B2B,1455,1700,Vacant
PROP_012_U020,PROP_012,1020,1B1B,721,978,Vacant
PROP_012_U021,PROP_012,521,3B2B,1483,1674,Vacant
PROP_012_U022,PROP_012,122,2B1B,834,1341,Vacant
PROP_012_U023,PROP_012,623,1B1B,767,944,Vacant
PROP_012_U024,PROP_012,524,2B2B,996,1423,Vacant
PROP_012_U025,PROP_012,625,Studio,587,866,Vacant
PROP_012_U026,PROP_012,826,2B1B,807,1171,Vacant
PROP_012_U027,PROP_012,127,2B2B,1074,1298,Vacant
PROP_012_U028,PROP_012,928,3B2B,1424,1833,Vacant
PROP_012_U029,PROP_012,429,Studio,405,729,Vacant
PROP_012_U030,PROP_012,430,2B1B,923,1189,Vacant
PROP_012_U031,PROP_012,331,1B1B,612,953,Vacant
PROP_012_U032,PROP_012,1032,1B1B,655,915,Vacant
PROP_012_U033,PROP_012,933,3B2B,1407,1565,Vacant
PROP_012_U034,PROP_012,334,1B1B,776,1025,Vacant
PROP_012_U035,PROP_012,235,2B1B,977,1277,Vacant
PROP_012_U036,PROP_012,536,3B2B,1488,1677,Vacant
PROP_012_U037,PROP_012,437,2B1B,835,1208,Vacant
PROP_012_U038,PROP_012,238,Studio,476,783,Vacant
PROP_012_U039,PROP_012,839,2B2B,1060,1308,Vacant
PROP_012_U040,PROP_012,1040,3B2B,1485,1726,Vacant
PROP_012_U041,PROP_012,341,3B2B,1227,1657,Vacant
PROP_012_U042,PROP_012,442,2B2B,1005,1456,Vacant
PROP_012_U043,PROP_012,443,Studio,596,750,Vacant
PROP_012_U044,PROP_012,844,2B2B,1052,1388,Vacant
PROP_012_U045,PROP_012,745,2B2B,1197,1344,Vacant
PROP_012_U046,PROP_012,446,1B1B,659,965,Vacant
PROP_012_U047,PROP_012,947,2B2B,1039,1303,Vacant
PROP_012_U048,PROP_012,848,Studio,472,748,Vacant
PROP_012_U049,PROP_012,549,3B2B,1431,1660,Vacant
PROP_012_U050,PROP_012,650,2B1B,905,1409,Vacant
PROP_012_U051,PROP_012,1051,2B2B,1167,1476,Vacant
PROP_012_U052,PROP_012,652,Studio,511,875,Vacant
PROP_012_U053,PROP_012,553,1B1B,745,1067,Vacant
PROP_012_U054,PROP_012,654,2B1B,887,1228,Vacant
PROP_012_U055,PROP_012,1055,1B1B,675,954,Vacant
PROP_012_U056,PROP_012,856,Studio,448,872,Vacant
PROP_012_U057,PROP_012,357,2B1B,952,1283,Vacant
PROP_012_U058,PROP_012,758,2B1B,847,1242,Vacant
PROP_012_U059,PROP_012,959,Studio,509,867,Vacant
PROP_012_U060,PROP_012,760,2B2B,1042,1500,Vacant
PROP_012_U061,PROP_012,961,1B1B,730,1065,Vacant
PROP_012_U062,PROP_012,562,1B1B,607,928,Vacant
PROP_012_U063,PROP_012,1063,Studio,405,843,Vacant
PROP_012_U064,PROP_012,564,2B2B,956,1422,Vacant
PROP_012_U065,PROP_012,1065,1B1B,760,922,Vacant
PROP_012_U066,PROP_012,566,2B2B,1171,1405,Vacant
PROP_012_U067,PROP_012,267,2B2B,1064,1509,Vacant
PROP_012_U068,PROP_012,568,2B1B,978,1392,Vacant
PROP_012_U069,PROP_012,1069,2B1B,827,1312,Vacant
PROP_012_U070,PROP_012,1070,1B1B,646,1057,Vacant
PROP_012_U071,PROP_012,871,2B2B,1020,1323,Vacant
PROP_012_U072,PROP_012,972,Studio,595,759,Vacant
PROP_012_U073,PROP_012,373,Studio,526,871,Vacant
PROP_012_U074,PROP_012,674,Studio,563,759,Vacant
PROP_012_U075,PROP_012,175,Studio,527,766,Vacant
PROP_012_U076,PROP_012,576,2B1B,843,1267,Vacant
PROP_012_U077,PROP_012,377,2B2B,991,1341,Vacant
PROP_012_U078,PROP_012,378,Studio,597,847,Vacant
PROP_012_U079,PROP_012,879,2B1B,806,1388,Vacant
PROP_012_U080,PROP_012,380,1B1B,694,909,Vacant
PROP_012_U081,PROP_012,1081,Studio,570,738,Vacant
PROP_012_U082,PROP_012,982,2B1B,878,1242,Vacant
PROP_012_U083,PROP_012,383,Studio,534,795,Vacant
PROP_012_U084,PROP_012,884,2B2B,1017,1397,Vacant
PROP_012_U085,PROP_012,685,3B2B,1382,1740,Vacant
PROP_012_U086,PROP_012,786,1B1B,677,1031,Vacant
PROP_012_U087,PROP_012,887,1B1B,732,969,Vacant
PROP_012_U088,PROP_012,188,2B2B,1180,1311,Vacant
PROP_012_U089,PROP_012,789,2B1B,834,1398,Vacant
PROP_012_U090,PROP_012,290,Studio,445,850,Vacant
PROP_012_U091,PROP_012,691,1B1B,740,987,Vacant
PROP_013_U000,PROP_013,800,2B2B,1130,1054,Vacant
PROP_013_U001,PROP_013,701,Studio,600,684,Vacant
PROP_013_U002,PROP_013,1002,Studio,434,651,Vacant
PROP_013_U003,PROP_013,503,1B1B,632,748,Vacant
PROP_013_U004,PROP_013,604,1B1B,644,870,Vacant
PROP_013_U005,PROP_013,105,3B2B,1347,1297,Vacant
PROP_013_U006,PROP_013,1006,3B2B,1472,1371,Vacant
PROP_013_U007,PROP_013,607,2B2B,1113,1080,Vacant
PROP_013_U008,PROP_013,208,3B2B,1176,1236,Vacant
PROP_013_U009,PROP_013,809,1B1B,708,727,Vacant
PROP_013_U010,PROP_013,210,2B1B,840,1096,Vacant
PROP_013_U011,PROP_013,811,Studio,442,663,Vacant
PROP_013_U012,PROP_013,612,1B1B,765,824,Vacant
PROP_013_U013,PROP_013,913,3B2B,1338,1482,Vacant
PROP_013_U014,PROP_013,614,1B1B,642,793,Vacant
PROP_013_U015,PROP_013,315,Studio,575,656,Vacant
PROP_013_U016,PROP_013,1016,1B1B,729,829,Vacant
PROP_013_U017,PROP_013,617,1B1B,641,743,Vacant
PROP_013_U018,PROP_013,818,1B1B,656,770,Vacant
PROP_013_U019,PROP_013,619,Studio,429,621,Vacant
PROP_013_U020,PROP_013,120,1B1B,678,722,Vacant
PROP_013_U021,PROP_013,421,2B1B,931,1000,Vacant
PROP_013_U022,PROP_013,122,2B1B,949,1074,Vacant
PROP_013_U023,PROP_013,423,2B1B,845,946,Vacant
PROP_013_U024,PROP_013,624,3B2B,1405,1495,Vacant
PROP_013_U025,PROP_013,125,Studio,509,683,Vacant
PROP_013_U026,PROP_013,626,Studio,576,588,Vacant
PROP_013_U027,PROP_013,627,2B1B,870,1045,Vacant
PROP_013_U028,PROP_013,328,2B1B,970,1038,Vacant
PROP_013_U029,PROP_013,629,Studio,508,598,Vacant
PROP_013_U030,PROP_013,530,3B2B,1347,1392,Vacant
PROP_013_U031,PROP_013,431,Studio,450,597,Vacant
PROP_013_U032,PROP_013,832,3B2B,1110,1242,Vacant
PROP_013_U033,PROP_013,233,Studio,485,650,Vacant
PROP_013_U034,PROP_013,834,2B2B,1071,1081,Vacant
PROP_013_U035,PROP_013,235,2B1B,916,1104,Vacant
PROP_013_U036,PROP_013,436,1B1B,651,849,Vacant
PROP_013_U037,PROP_013,537,3B2B,1114,1317,Vacant
PROP_013_U038,PROP_013,338,2B1B,869,1046,Vacant
PROP_013_U039,PROP_013,539,2B1B,847,1064,Vacant
PROP_013_U040,PROP_013,840,2B1B,922,1007,Vacant
PROP_013_U041,PROP_013,641,2B2B,1095,1062,Vacant
PROP_013_U042,PROP_013,942,2B2B,1142,1227,Vacant
PROP_013_U043,PROP_013,843,2B1B,957,1032,Vacant
PROP_013_U044,PROP_013,1044,3B2B,1272,1440,Vacant
PROP_013_U045,PROP_013,245,3B2B,1176,1427,Vacant
PROP_013_U046,PROP_013,1046,1B1B,667,805,Vacant
PROP_013_U047,PROP_013,347,Studio,523,636,Vacant
PROP_013_U048,PROP_013,1048,Studio,562,649,Vacant
PROP_013_U049,PROP_013,1049,1B1B,633,840,Vacant
PROP_013_U050,PROP_013,450,Studio,475,578,Vacant
PROP_013_U051,PROP_013,651,2B2B,960,1044,Vacant
PROP_013_U052,PROP_013,252,2B1B,906,1016,Vacant
PROP_013_U053,PROP_013,853,Studio,450,662,Vacant
PROP_013_U054,PROP_013,654,Studio,412,618,Vacant
PROP_013_U055,PROP_013,555,2B1B,988,1048,Vacant
PROP_013_U056,PROP_013,256,2B1B,855,1095,Vacant
PROP_013_U057,PROP_013,157,2B1B,957,1020,Vacant
PROP_013_U058,PROP_013,858,Studio,540,689,Vacant
PROP_013_U059,PROP_013,259,3B2B,1190,1253,Vacant
PROP_013_U060,PROP_013,660,Studio,558,673,Vacant
PROP_013_U061,PROP_013,861,Studio,489,637,Vacant
PROP_013_U062,PROP_013,862,1B1B,620,747,Vacant
PROP_013_U063,PROP_013,263,1B1B,691,822,Vacant
PROP_013_U064,PROP_013,364,1B1B,709,720,Vacant
PROP_013_U065,PROP_013,665,2B1B,825,1062,Vacant
PROP_013_U066,PROP_013,766,Studio,501,649,Vacant
PROP_013_U067,PROP_013,1067,Studio,600,620,Vacant
PROP_013_U068,PROP_013,1068,2B1B,878,1085,Vacant
PROP_013_U069,PROP_013,769,2B1B,940,949,Vacant
PROP_013_U070,PROP_013,470,Studio,435,595,Vacant
PROP_013_U071,PROP_013,771,3B2B,1441,1418,Vacant
PROP_013_U072,PROP_013,272,2B2B,1115,1012,Vacant
PROP_013_U073,PROP_013,1073,Studio,549,628,Vacant
PROP_013_U074,PROP_013,874,3B2B,1449,1240,Vacant
PROP_013_U075,PROP_013,675,3B2B,1314,1338,Vacant
PROP_013_U076,PROP_013,376,3B2B,1143,1260,Vacant
PROP_013_U077,PROP_013,477,2B2B,1101,1017,Vacant
PROP_013_U078,PROP_013,778,3B2B,1224,1335,Vacant
PROP_013_U079,PROP_013,579,2B2B,1054,1046,Vacant
PROP_013_U080,PROP_013,180,2B1B,965,1017,Vacant
PROP_013_U081,PROP_013,1081,Studio,553,601,Vacant
PROP_013_U082,PROP_013,382,1B1B,680,751,Vacant
PROP_013_U083,PROP_013,1083,2B2B,1145,1125,Vacant
PROP_013_U084,PROP_013,584,2B1B,969,1135,Vacant
PROP_013_U085,PROP_013,785,Studio,430,667,Vacant
PROP_013_U086,PROP_013,886,1B1B,680,787,Vacant
PROP_013_U087,PROP_013,387,1B1B,731,746,Vacant
PROP_013_U088,PROP_013,288,1B1B,800,807,Vacant
PROP_013_U089,PROP_013,1089,2B2B,994,1119,Vacant
PROP_013_U090,PROP_013,790,Studio,478,665,Vacant
PROP_014_U000,PROP_014,300,2B1B,974,1355,Vacant
PROP_014_U001,PROP_014,1001,1B1B,704,955,Vacant
PROP_014_U002,PROP_014,802,Studio,551,721,Vacant
PROP_014_U003,PROP_014,403,Studio,436,852,Vacant
PROP_014_U004,PROP_014,504,3B2B,1244,1857,Vacant
PROP_014_U005,PROP_014,905,2B2B,1029,1379,Vacant
PROP_014_U006,PROP_014,706,2B1B,989,1226,Vacant
PROP_014_U007,PROP_014,1007,Studio,518,724,Vacant
PROP_014_U008,PROP_014,708,2B2B,1073,1354,Vacant
PROP_014_U009,PROP_014,509,3B2B,1189,1757,Vacant
PROP_014_U010,PROP_014,610,Studio,458,861,Vacant
PROP_014_U011,PROP_014,511,1B1B,737,1076,Vacant
PROP_014_U012,PROP_014,312,2B2B,1186,1518,Vacant
PROP_014_U013,PROP_014,613,2B1B,994,1246,Vacant
PROP_014_U014,PROP_014,114,2B2B,1174,1446,Vacant
PROP_015_U000,PROP_015,500,2B2B,1194,1185,Vacant
PROP_015_U001,PROP_015,301,Studio,575,654,Vacant
PROP_015_U002,PROP_015,502,Studio,520,695,Vacant
PROP_015_U003,PROP_015,203,2B2B,972,1021,Vacant
PROP_015_U004,PROP_015,1004,Studio,423,581,Vacant
PROP_015_U005,PROP_015,205,2B1B,811,1000,Vacant
PROP_015_U006,PROP_015,1006,2B2B,1039,1193,Vacant
PROP_015_U007,PROP_015,507,3B2B,1374,1304,Vacant
PROP_015_U008,PROP_015,808,2B2B,1157,1079,Vacant
PROP_015_U009,PROP_015,909,2B2B,1009,1072,Vacant
PROP_015_U010,PROP_015,610,1B1B,614,840,Vacant
PROP_015_U011,PROP_015,1011,1B1B,685,771,Vacant
PROP_015_U012,PROP_015,212,Studio,555,631,Vacant
PROP_015_U013,PROP_015,1013,2B1B,949,1128,Vacant
PROP_015_U014,PROP_015,414,2B2B,1088,1023,Vacant
PROP_015_U015,PROP_015,515,Studio,593,600,Vacant
PROP_015_U016,PROP_015,216,2B2B,956,1217,Vacant
PROP_015_U017,PROP_015,517,2B2B,992,1014,Vacant
PROP_015_U018,PROP_015,918,1B1B,645,824,Vacant
PROP_015_U019,PROP_015,419,3B2B,1246,1408,Vacant
PROP_015_U020,PROP_015,1020,1B1B,649,750,Vacant
PROP_015_U021,PROP_015,121,2B1B,851,1079,Vacant
PROP_015_U022,PROP_015,122,1B1B,702,811,Vacant
PROP_015_U023,PROP_015,823,3B2B,1384,1317,Vacant
PROP_015_U024,PROP_015,524,1B1B,615,844,Vacant
PROP_015_U025,PROP_015,825,2B1B,945,1138,Vacant
PROP_015_U026,PROP_015,426,3B2B,1169,1303,Vacant
PROP_015_U027,PROP_015,227,2B1B,847,1019,Vacant
PROP_015_U028,PROP_015,428,Studio,437,697,Vacant
PROP_015_U029,PROP_015,729,1B1B,623,761,Vacant
PROP_015_U030,PROP_015,230,Studio,571,645,Vacant
PROP_015_U031,PROP_015,1031,Studio,549,605,Vacant
PROP_015_U032,PROP_015,932,Studio,434,660,Vacant
PROP_015_U033,PROP_015,733,Studio,416,581,Vacant
PROP_015_U034,PROP_015,334,3B2B,1409,1367,Vacant
PROP_015_U035,PROP_015,835,Studio,427,579,Vacant
PROP_015_U036,PROP_015,536,2B1B,963,957,Vacant
PROP_015_U037,PROP_015,537,Studio,586,601,Vacant
PROP_015_U038,PROP_015,138,2B2B,1085,1099,Vacant
PROP_015_U039,PROP_015,239,1B1B,676,842,Vacant
PROP_015_U040,PROP_015,240,Studio,550,663,Vacant
PROP_015_U041,PROP_015,541,3B2B,1412,1472,Vacant
PROP_015_U042,PROP_015,242,3B2B,1431,1308,Vacant
PROP_015_U043,PROP_015,943,2B1B,883,964,Vacant
PROP_015_U044,PROP_015,344,2B1B,999,1072,Vacant
PROP_015_U045,PROP_015,645,2B1B,938,1079,Vacant
PROP_016_U000,PROP_016,500,2B1B,886,1876,Vacant
PROP_016_U001,PROP_016,101,Studio,527,1300,Vacant
PROP_016_U002,PROP_016,102,1B1B,634,1415,Vacant
PROP_016_U003,PROP_016,203,3B2B,1211,2730,Vacant
PROP_016_U004,PROP_016,904,2B2B,1163,2302,Vacant
PROP_016_U005,PROP_016,105,3B2B,1387,2467,Vacant
PROP_016_U006,PROP_016,906,3B2B,1153,2472,Vacant
PROP_016_U007,PROP_016,507,Studio,564,1212,Vacant
PROP_016_U008,PROP_016,808,2B1B,926,2103,Vacant
PROP_016_U009,PROP_016,609,2B1B,877,1791,Vacant
PROP_016_U010,PROP_016,1010,1B1B,654,1501,Vacant
PROP_016_U011,PROP_016,611,Studio,592,1284,Vacant
PROP_016_U012,PROP_016,112,2B1B,886,1855,Vacant
PROP_016_U013,PROP_016,1013,Studio,447,1120,Vacant
PROP_016_U014,PROP_016,514,Studio,454,1193,Vacant
PROP_016_U015,PROP_016,415,2B1B,986,2003,Vacant
PROP_016_U016,PROP_016,516,3B2B,1487,2338,Vacant
PROP_016_U017,PROP_016,717,2B2B,1118,2199,Vacant
PROP_016_U018,PROP_016,118,3B2B,1335,2610,Vacant
PROP_016_U019,PROP_016,219,2B1B,923,1924,Vacant
PROP_016_U020,PROP_016,420,Studio,480,1197,Vacant
PROP_016_U021,PROP_016,921,2B1B,873,2002,Vacant
PROP_016_U022,PROP_016,822,Studio,555,1226,Vacant
PROP_016_U023,PROP_016,123,2B2B,1127,2228,Vacant
PROP_016_U024,PROP_016,724,Studio,529,1155,Vacant
PROP_016_U025,PROP_016,425,2B1B,869,1937,Vacant
PROP_016_U026,PROP_016,726,3B2B,1226,2452,Vacant
PROP_016_U027,PROP_016,1027,3B2B,1340,2549,Vacant
PROP_016_U028,PROP_016,828,Studio,459,1262,Vacant
PROP_016_U029,PROP_016,129,2B2B,976,2016,Vacant
PROP_016_U030,PROP_016,630,2B2B,1066,2189,Vacant
PROP_016_U031,PROP_016,1031,3B2B,1188,2707,Vacant
PROP_016_U032,PROP_016,432,1B1B,759,1370,Vacant
PROP_016_U033,PROP_016,833,2B1B,941,1860,Vacant
PROP_016_U034,PROP_016,234,Studio,422,1302,Vacant
PROP_016_U035,PROP_016,335,1B1B,797,1579,Vacant
PROP_016_U036,PROP_016,936,3B2B,1137,2529,Vacant
PROP_016_U037,PROP_016,737,Studio,532,1318,Vacant
PROP_016_U038,PROP_016,1038,3B2B,1200,2702,Vacant
PROP_016_U039,PROP_016,939,2B2B,964,2085,Vacant
PROP_016_U040,PROP_016,240,2B2B,1108,2072,Vacant
PROP_016_U041,PROP_016,441,3B2B,1379,2318,Vacant
PROP_016_U042,PROP_016,942,3B2B,1161,2482,Vacant
PROP_016_U043,PROP_016,243,Studio,451,1258,Vacant
PROP_016_U044,PROP_016,444,1B1B,669,1598,Vacant
PROP_016_U045,PROP_016,545,Studio,524,1255,Vacant
PROP_016_U046,PROP_016,546,2B1B,916,2048,Vacant
PROP_016_U047,PROP_016,347,1B1B,789,1629,Vacant
PROP_016_U048,PROP_016,948,2B2B,1178,2107,Vacant
PROP_016_U049,PROP_016,949,1B1B,655,1620,Vacant
PROP_016_U050,PROP_016,250,2B2B,962,2175,Vacant
PROP_016_U051,PROP_016,851,2B2B,1094,2170,Vacant
PROP_016_U052,PROP_016,152,3B2B,1140,2544,Vacant
PROP_016_U053,PROP_016,253,2B2B,1177,2143,Vacant
PROP_016_U054,PROP_016,354,3B2B,1125,2321,Vacant
PROP_016_U055,PROP_016,455,3B2B,1131,2453,Vacant
PROP_016_U056,PROP_016,156,2B1B,946,2038,Vacant
PROP_016_U057,PROP_016,957,2B2B,1094,2059,Vacant
PROP_017_U000,PROP_017,500,3B2B,1487,1250,Vacant
PROP_017_U001,PROP_017,201,2B2B,1109,1021,Vacant
PROP_017_U002,PROP_017,202,2B1B,871,953,Vacant
PROP_017_U003,PROP_017,303,Studio,515,608,Vacant
PROP_017_U004,PROP_017,604,2B1B,971,1139,Vacant
PROP_017_U005,PROP_017,705,Studio,430,683,Vacant
PROP_017_U006,PROP_017,506,2B1B,858,1034,Vacant
PROP_017_U007,PROP_017,907,2B2B,995,1016,Vacant
PROP_017_U008,PROP_017,1008,2B1B,972,1051,Vacant
PROP_017_U009,PROP_017,1009,3B2B,1373,1413,Vacant
PROP_017_U010,PROP_017,1010,2B1B,969,1041,Vacant
PROP_017_U011,PROP_017,811,2B1B,839,1021,Vacant
PROP_017_U012,PROP_017,112,3B2B,1284,1266,Vacant
PROP_017_U013,PROP_017,713,2B2B,957,1033,Vacant
PROP_017_U014,PROP_017,714,Studio,414,581,Vacant
PROP_017_U015,PROP_017,915,3B2B,1224,1379,Vacant
PROP_017_U016,PROP_017,916,2B2B,1041,1009,Vacant
PROP_017_U017,PROP_017,1017,2B2B,1199,1101,Vacant
PROP_017_U018,PROP_017,818,1B1B,662,862,Vacant
PROP_017_U019,PROP_017,419,1B1B,608,818,Vacant
PROP_017_U020,PROP_017,420,2B1B,932,999,Vacant
PROP_017_U021,PROP_017,421,2B1B,820,1104,Vacant
PROP_017_U022,PROP_017,122,3B2B,1387,1348,Vacant
PROP_017_U023,PROP_017,423,2B1B,941,1020,Vacant
PROP_017_U024,PROP_017,524,3B2B,1118,1339,Vacant
PROP_017_U025,PROP_017,925,2B1B,889,1060,Vacant
PROP_017_U026,PROP_017,126,2B2B,1003,1179,Vacant
PROP_017_U027,PROP_017,927,2B2B,1092,1144,Vacant
PROP_017_U028,PROP_017,528,1B1B,623,797,Vacant
PROP_017_U029,PROP_017,129,2B2B,1031,1149,Vacant
PROP_017_U030,PROP_017,830,2B1B,819,996,Vacant
PROP_017_U031,PROP_017,131,Studio,576,654,Vacant
PROP_017_U032,PROP_017,132,2B1B,976,1127,Vacant
PROP_017_U033,PROP_017,833,3B2B,1483,1225,Vacant
PROP_017_U034,PROP_017,934,Studio,587,639,Vacant
PROP_017_U035,PROP_017,435,2B2B,1170,1099,Vacant
PROP_017_U036,PROP_017,136,1B1B,653,824,Vacant
PROP_017_U037,PROP_017,1037,Studio,467,620,Vacant
PROP_017_U038,PROP_017,138,2B1B,852,1036,Vacant
PROP_017_U039,PROP_017,439,1B1B,617,833,Vacant
PROP_017_U040,PROP_017,740,2B1B,918,1105,Vacant
PROP_017_U041,PROP_017,641,2B1B,822,955,Vacant
PROP_017_U042,PROP_017,1042,2B2B,1025,1220,Vacant
PROP_017_U043,PROP_017,1043,2B2B,972,1201,Vacant
PROP_017_U044,PROP_017,544,1B1B,722,816,Vacant
PROP_017_U045,PROP_017,845,2B2B,1106,1116,Vacant
PROP_017_U046,PROP_017,246,3B2B,1365,1476,Vacant
PROP_017_U047,PROP_017,147,1B1B,726,809,Vacant
PROP_017_U048,PROP_017,748,1B1B,645,788,Vacant
PROP_017_U049,PROP_017,749,2B1B,802,1047,Vacant
PROP_017_U050,PROP_017,550,1B1B,752,820,Vacant
PROP_017_U051,PROP_017,651,2B2B,979,1177,Vacant
PROP_017_U052,PROP_017,852,2B1B,875,1063,Vacant
PROP_017_U053,PROP_017,553,3B2B,1262,1388,Vacant
PROP_017_U054,PROP_017,554,Studio,542,668,Vacant
PROP_017_U055,PROP_017,855,3B2B,1334,1406,Vacant
PROP_017_U056,PROP_017,156,3B2B,1368,1331,Vacant
PROP_017_U057,PROP_017,857,1B1B,704,739,Vacant
PROP_017_U058,PROP_017,658,2B1B,972,1059,Vacant
PROP_017_U059,PROP_017,959,2B1B,966,1114,Vacant
PROP_017_U060,PROP_017,960,2B2B,1173,1065,Vacant
PROP_017_U061,PROP_017,561,Studio,561,649,Vacant
PROP_017_U062,PROP_017,562,1B1B,725,877,Vacant
PROP_017_U063,PROP_017,663,2B2B,1053,1172,Vacant
PROP_017_U064,PROP_017,864,1B1B,645,848,Vacant
PROP_017_U065,PROP_017,465,3B2B,1348,1444,Vacant
PROP_017_U066,PROP_017,866,2B1B,883,941,Vacant
PROP_017_U067,PROP_017,467,Studio,540,700,Vacant
PROP_017_U068,PROP_017,768,2B2B,1123,1089,Vacant
PROP_017_U069,PROP_017,269,Studio,563,604,Vacant
PROP_017_U070,PROP_017,1070,2B2B,990,1172,Vacant
PROP_018_U000,PROP_018,700,2B2B,1149,1222,Vacant
PROP_018_U001,PROP_018,701,2B2B,1200,1224,Vacant
PROP_018_U002,PROP_018,1002,3B2B,1454,1481,Vacant
PROP_018_U003,PROP_018,803,2B2B,1151,1213,Vacant
PROP_018_U004,PROP_018,704,3B2B,1429,1458,Vacant
PROP_018_U005,PROP_018,1005,2B1B,966,1113,Vacant
PROP_018_U006,PROP_018,106,1B1B,642,767,Vacant
PROP_018_U007,PROP_018,1007,1B1B,638,836,Vacant
PROP_018_U008,PROP_018,408,1B1B,752,767,Vacant
PROP_018_U009,PROP_018,709,3B2B,1398,1433,Vacant
PROP_018_U010,PROP_018,110,3B2B,1347,1434,Vacant
PROP_018_U011,PROP_018,411,1B1B,787,735,Vacant
PROP_018_U012,PROP_018,712,Studio,572,611,Vacant
PROP_018_U013,PROP_018,113,2B1B,818,1102,Vacant
PROP_018_U014,PROP_018,714,3B2B,1259,1285,Vacant
PROP_018_U015,PROP_018,1015,2B1B,910,1129,Vacant
PROP_018_U016,PROP_018,316,2B2B,1053,1024,Vacant
PROP_018_U017,PROP_018,617,3B2B,1104,1478,Vacant
PROP_018_U018,PROP_018,218,2B1B,955,1114,Vacant
PROP_018_U019,PROP_018,219,2B2B,1194,1205,Vacant
PROP_018_U020,PROP_018,320,2B1B,903,1032,Vacant
PROP_018_U021,PROP_018,321,3B2B,1115,1295,Vacant
PROP_018_U022,PROP_018,1022,2B2B,1192,1057,Vacant
PROP_018_U023,PROP_018,1023,2B1B,874,1075,Vacant
PROP_018_U024,PROP_018,324,2B1B,848,990,Vacant
PROP_018_U025,PROP_018,325,1B1B,708,872,Vacant
PROP_018_U026,PROP_018,1026,3B2B,1268,1410,Vacant
PROP_018_U027,PROP_018,1027,1B1B,793,793,Vacant
PROP_018_U028,PROP_018,728,1B1B,689,770,Vacant
PROP_018_U029,PROP_018,429,3B2B,1144,1263,Vacant
PROP_018_U030,PROP_018,430,1B1B,699,834,Vacant
PROP_018_U031,PROP_018,231,2B2B,954,1144,Vacant
PROP_018_U032,PROP_018,432,2B2B,1003,1181,Vacant
PROP_018_U033,PROP_018,833,3B2B,1470,1241,Vacant
PROP_018_U034,PROP_018,234,3B2B,1324,1357,Vacant
PROP_018_U035,PROP_018,735,3B2B,1311,1487,Vacant
PROP_018_U036,PROP_018,736,Studio,484,670,Vacant
PROP_018_U037,PROP_018,637,3B2B,1405,1495,Vacant
PROP_018_U038,PROP_018,538,3B2B,1170,1415,Vacant
PROP_018_U039,PROP_018,739,2B2B,1047,1167,Vacant
PROP_018_U040,PROP_018,240,3B2B,1195,1440,Vacant
PROP_018_U041,PROP_018,641,1B1B,608,724,Vacant
PROP_018_U042,PROP_018,142,2B2B,1124,1070,Vacant
PROP_018_U043,PROP_018,1043,1B1B,763,848,Vacant
PROP_018_U044,PROP_018,744,3B2B,1319,1371,Vacant
PROP_018_U045,PROP_018,245,Studio,494,693,Vacant
PROP_018_U046,PROP_018,746,2B2B,1007,1153,Vacant
PROP_018_U047,PROP_018,847,2B1B,988,1049,Vacant
PROP_018_U048,PROP_018,648,Studio,434,616,Vacant
PROP_018_U049,PROP_018,949,2B1B,936,978,Vacant
PROP_018_U050,PROP_018,150,1B1B,611,854,Vacant
PROP_018_U051,PROP_018,551,2B2B,1018,1229,Vacant
PROP_018_U052,PROP_018,852,3B2B,1431,1283,Vacant
PROP_018_U053,PROP_018,153,2B1B,800,1007,Vacant
PROP_018_U054,PROP_018,454,3B2B,1262,1389,Vacant
PROP_018_U055,PROP_018,355,2B2B,1150,1138,Vacant
PROP_018_U056,PROP_018,156,2B2B,1026,1171,Vacant
PROP_018_U057,PROP_018,257,3B2B,1151,1398,Vacant
PROP_018_U058,PROP_018,358,3B2B,1287,1234,Vacant
PROP_018_U059,PROP_018,559,2B2B,1058,1175,Vacant
PROP_018_U060,PROP_018,1060,1B1B,715,845,Vacant
PROP_018_U061,PROP_018,961,2B1B,928,1098,Vacant
PROP_018_U062,PROP_018,262,3B2B,1388,1330,Vacant
PROP_018_U063,PROP_018,363,Studio,588,655,Vacant
PROP_018_U064,PROP_018,964,2B1B,883,1125,Vacant
PROP_018_U065,PROP_018,465,2B1B,880,964,Vacant
PROP_018_U066,PROP_018,466,1B1B,747,836,Vacant
PROP_018_U067,PROP_018,267,3B2B,1128,1464,Vacant
PROP_018_U068,PROP_018,168,3B2B,1222,1231,Vacant
PROP_018_U069,PROP_018,469,1B1B,633,766,Vacant
PROP_018_U070,PROP_018,170,1B1B,765,766,Vacant
PROP_018_U071,PROP_018,771,2B1B,1000,1084,Vacant
PROP_018_U072,PROP_018,472,2B2B,1005,1200,Vacant
PROP_018_U073,PROP_018,873,1B1B,704,871,Vacant
PROP_018_U074,PROP_018,174,1B1B,728,797,Vacant
PROP_018_U075,PROP_018,875,1B1B,746,792,Vacant
PROP_018_U076,PROP_018,476,1B1B,623,765,Vacant
PROP_018_U077,PROP_018,877,3B2B,1417,1360,Vacant
PROP_018_U078,PROP_018,278,2B2B,1158,1032,Vacant
PROP_018_U079,PROP_018,379,Studio,400,589,Vacant
PROP_018_U080,PROP_018,780,2B2B,1070,1088,Vacant
PROP_018_U081,PROP_018,681,2B1B,915,991,Vacant
PROP_018_U082,PROP_018,1082,1B1B,682,838,Vacant
PROP_018_U083,PROP_018,583,3B2B,1471,1367,Vacant
PROP_018_U084,PROP_018,184,3B2B,1467,1276,Vacant
PROP_018_U085,PROP_018,285,Studio,400,667,Vacant
PROP_018_U086,PROP_018,786,Studio,405,692,Vacant
PROP_018_U087,PROP_018,387,3B2B,1288,1374,Vacant
PROP_018_U088,PROP_018,1088,2B2B,1093,1030,Vacant
PROP_018_U089,PROP_018,389,1B1B,622,783,Vacant
PROP_019_U000,PROP_019,100,1B1B,797,1066,Vacant
PROP_019_U001,PROP_019,801,Studio,534,865,Vacant
PROP_019_U002,PROP_019,902,Studio,589,834,Vacant
PROP_019_U003,PROP_019,1003,2B2B,988,1317,Vacant
PROP_019_U004,PROP_019,404,2B1B,965,1337,Vacant
PROP_019_U005,PROP_019,905,1B1B,690,1005,Vacant
PROP_019_U006,PROP_019,1006,2B1B,888,1174,Vacant
PROP_019_U007,PROP_019,907,Studio,586,757,Vacant
PROP_019_U008,PROP_019,408,Studio,464,783,Vacant
PROP_019_U009,PROP_019,609,2B2B,1054,1408,Vacant
PROP_019_U010,PROP_019,510,2B1B,966,1226,Vacant
PROP_019_U011,PROP_019,711,1B1B,605,1098,Vacant
PROP_019_U012,PROP_019,412,2B2B,1091,1517,Vacant
PROP_019_U013,PROP_019,413,Studio,532,756,Vacant
PROP_019_U014,PROP_019,214,3B2B,1172,1666,Vacant
PROP_019_U015,PROP_019,715,Studio,577,868,Vacant
PROP_019_U016,PROP_019,816,2B2B,1177,1487,Vacant
PROP_019_U017,PROP_019,917,3B2B,1260,1704,Vacant
PROP_019_U018,PROP_019,518,1B1B,642,1055,Vacant
PROP_019_U019,PROP_019,219,1B1B,660,968,Vacant
PROP_019_U020,PROP_019,820,2B2B,1001,1477,Vacant
PROP_019_U021,PROP_019,521,1B1B,709,1027,Vacant
PROP_019_U022,PROP_019,622,Studio,538,827,Vacant
PROP_019_U023,PROP_019,623,2B2B,1148,1416,Vacant
PROP_019_U024,PROP_019,724,2B2B,993,1311,Vacant
PROP_019_U025,PROP_019,525,3B2B,1491,1669,Vacant
PROP_019_U026,PROP_019,126,1B1B,677,920,Vacant
PROP_019_U027,PROP_019,627,Studio,585,862,Vacant
PROP_019_U028,PROP_019,328,3B2B,1397,1813,Vacant
PROP_019_U029,PROP_019,1029,Studio,446,735,Vacant
PROP_019_U030,PROP_019,330,1B1B,675,1029,Vacant
PROP_019_U031,PROP_019,231,2B1B,952,1301,Vacant
PROP_019_U032,PROP_019,732,3B2B,1483,1649,Vacant
PROP_019_U033,PROP_019,633,2B2B,1176,1442,Vacant
PROP_019_U034,PROP_019,834,1B1B,730,936,Vacant
PROP_019_U035,PROP_019,135,3B2B,1386,1551,Vacant
PROP_019_U036,PROP_019,1036,2B2B,1048,1505,Vacant
PROP_019_U037,PROP_019,137,Studio,466,807,Vacant
PROP_019_U038,PROP_019,338,2B2B,1086,1277,Vacant
PROP_019_U039,PROP_019,439,2B2B,1055,1505,Vacant
PROP_019_U040,PROP_019,740,Studio,476,870,Vacant
PROP_019_U041,PROP_019,341,2B1B,885,1338,Vacant
PROP_019_U042,PROP_019,1042,3B2B,1460,1719,Vacant
PROP_019_U043,PROP_019,243,2B2B,1106,1453,Vacant
PROP_019_U044,PROP_019,944,2B2B,1082,1280,Vacant
PROP_019_U045,PROP_019,445,1B1B,756,921,Vacant
PROP_019_U046,PROP_019,946,3B2B,1433,1702,Vacant
PROP_019_U047,PROP_019,1047,2B2B,1191,1404,Vacant
PROP_019_U048,PROP_019,448,1B1B,753,1087,Vacant
PROP_019_U049,PROP_019,949,3B2B,1153,1667,Vacant
PROP_019_U050,PROP_019,450,1B1B,677,1042,Vacant
PROP_019_U051,PROP_019,651,1B1B,787,1070,Vacant
PROP_019_U052,PROP_019,252,1B1B,636,910,Vacant
PROP_019_U053,PROP_019,753,Studio,564,733,Vacant
PROP_019_U054,PROP_019,754,Studio,509,771,Vacant
PROP_019_U055,PROP_019,155,3B2B,1152,1717,Vacant
PROP_019_U056,PROP_019,1056,3B2B,1326,1841,Vacant
PROP_019_U057,PROP_019,957,1B1B,786,1012,Vacant
PROP_019_U058,PROP_019,558,3B2B,1410,1772,Vacant
PROP_019_U059,PROP_019,459,2B2B,1089,1499,Vacant
PROP_019_U060,PROP_019,660,2B2B,993,1417,Vacant
PROP_019_U061,PROP_019,761,1B1B,790,1088,Vacant
PROP_019_U062,PROP_019,762,3B2B,1403,1572,Vacant
PROP_019_U063,PROP_019,763,Studio,538,822,Vacant
